Plant name,Unit No.,Type,Model,Status,Capacity (MW),Begin building,Commercial operation,Closed
Belleville,1,PWR,P4 REP 1300,Operational,1310,1 May 1980,1 Jun 1988,
Belleville,2,PWR,P4 REP 1300,Operational,1310,1 Aug 1980,1 Jan 1989,
Blayais,1,PWR,CP1,Operational,910,1 Jan 1977,1 Dec 1981,
Blayais,2,PWR,CP1,Operational,910,1 Jan 1977,1 Feb 1983,
Blayais,3,PWR,CP1,Operational,910,1 Apr 1978,14 Nov 1983,
Blayais,4,PWR,CP1,Operational,910,1 Apr 1978,1 Oct 1983,
Brennilis,1,HWGCR,,Shut down/in decommissioning,70,1 Jul 1962,1 Jun 1968,31 Jul 1985
Bugey,1,GCR,UNGG,Shut down,540,1 Dec 1965,1 Jul 1972,27 May 1994
Bugey,2,PWR,CP0,Operational,910,1 Nov 1972,1 Mar 1979,
Bugey,3,PWR,CP0,Operational,910,1 Sep 1973,1 Mar 1979,
Bugey,4,PWR,CP0,Operational,880,1 Jun 1974,1 Jul 1979,
Bugey,5,PWR,CP0,Operational,880,1 Jul 1974,3 Jan 1980,
Bugey,6,PWR,EPR2,Planned,1670,,,
Bugey,7,PWR,EPR2,Planned,1670,,,
Cattenom,1,PWR,P4 REP 1300,Operational,1300,29 Oct 1979,1 Apr 1987,
Cattenom,2,PWR,P4 REP 1300,Operational,1300,28 Jul 1980,1 Feb 1988,
Cattenom,3,PWR,P4 REP 1300,Operational,1300,15 Jun 1982,1 Feb 1991,
Cattenom,4,PWR,P4 REP 1300,Operational,1300,28 Sep 1983,1 Jan 1992,
Chinon,A-1,GCR,UNGG,Shut down,70,1 Feb 1957,1 Feb 1964,16 Apr 1973
Chinon,A-2,GCR,UNGG,Shut down,180,1 Aug 1959,24 Feb 1965,14 Jun 1985
Chinon,A-3,GCR,UNGG,Shut down,360,1 Mar 1961,4 Aug 1966,15 Jun 1990
Chinon,B-1,PWR,CP2,Operational,905,1 Mar 1977,1 Feb 1984,
Chinon,B-2,PWR,CP2,Operational,905,1 Mar 1977,1 Aug 1984,
Chinon,B-3,PWR,CP2,Operational,905,1 Oct 1980,4 Mar 1987,
Chinon,B-4,PWR,CP2,Operational,905,1 Feb 1981,1 Apr 1988,
Chooz,A-1,PWR,CHOOZ-A,Decommissioned,305,1 Jan 1962,15 Apr 1967,30 Oct 1991
Chooz,B-1,PWR,N4 REP 1450,Operational,1500,1 Jan 1984,15 May 2000,
Chooz,B-2,PWR,N4 REP 1450,Operational,1500,1 Jan 1984,15 May 2000,
Civaux,1,PWR,N4 REP 1450,Operational,1495,15 Oct 1988,29 Jan 2002,
Civaux,2,PWR,N4 REP 1450,Operational,1495,1 Apr 1991,23 Apr 2002,
Cruas,1,PWR,CP2,Operational,915,1 Aug 1978,2 Apr 1984,
Cruas,2,PWR,CP2,Operational,915,15 Nov 1978,1 Apr 1985,
Cruas,3,PWR,CP2,Operational,915,15 Apr 1979,10 Sep 1984,
Cruas,4,PWR,CP2,Operational,915,1 Oct 1979,11 Feb 1985,
Dampierre,1,PWR,CP1,Operational,890,1 Feb 1975,10 Sep 1980,
Dampierre,2,PWR,CP1,Operational,890,1 Apr 1975,16 Feb 1981,
Dampierre,3,PWR,CP1,Operational,890,1 Sep 1975,27 May 1981,
Dampierre,4,PWR,CP1,Operational,890,1 Dec 1975,20 Nov 1981,
Fessenheim,1,PWR,CP0,Shut down,880,1 Sep 1971,1 Jan 1978,22 Feb 2020
Fessenheim,2,PWR,CP0,Shut down,880,1 Feb 1972,1 Apr 1978,29 Jun 2020
Flamanville,1,PWR,P4 REP 1300,Operational,1330,1 Dec 1979,1 Dec 1986,
Flamanville,2,PWR,P4 REP 1300,Operational,1330,1 May 1980,9 Mar 1987,
Flamanville,3,PWR,EPR,Under commissioning,1630,3 Dec 2007,21 Dec 2024,
Golfech,1,PWR,P4 REP 1300,Operational,1310,17 Nov 1982,1 Feb 1991,
Golfech,2,PWR,P4 REP 1300,Operational,1310,1 Oct 1984,4 Mar 1994,
Gravelines,1,PWR,CP1,Operational,910,1 Feb 1975,25 Nov 1980,
Gravelines,2,PWR,CP1,Operational,910,1 Mar 1975,1 Dec 1980,
Gravelines,3,PWR,CP1,Operational,910,1 Dec 1975,1 Jun 1981,
Gravelines,4,PWR,CP1,Operational,910,1 Apr 1976,1 Oct 1981,
Gravelines,5,PWR,CP1,Operational,910,1 Oct 1979,15 Jan 1985,
Gravelines,6,PWR,CP1,Operational,910,1 Oct 1979,25 Oct 1985,
Gravelines,7,PWR,EPR2,Planned,1670,,,
Gravelines,8,PWR,EPR2,Planned,1670,,,
Nogent,1,PWR,P4 REP 1300,Operational,1310,26 May 1981,24 Feb 1988,
Nogent,2,PWR,P4 REP 1300,Operational,1310,1 Jan 1982,1 May 1989,
Paluel,1,PWR,P4 REP 1300,Operational,1330,15 Aug 1977,1 Dec 1985,
Paluel,2,PWR,P4 REP 1300,Operational,1330,1 Jan 1978,1 Dec 1985,
Paluel,3,PWR,P4 REP 1300,Operational,1330,1 Feb 1979,1 Feb 1986,
Paluel,4,PWR,P4 REP 1300,Operational,1330,1 Feb 1980,1 Jun 1986,
Penly,1,PWR,P4 REP 1300,Operational,1330,1 Sep 1982,1 Dec 1990,
Penly,2,PWR,P4 REP 1300,Operational,1330,1 Aug 1984,1 Nov 1992,
Penly,3,PWR,EPR2,Planned,1670,(2024),,
Penly,4,PWR,EPR2,Planned,1670,(2024),,
Phénix,1,FBR,PH-250,Shut down,130,1 Nov 1968,14 Jul 1974,1 Feb 2010
Saint-Alban,1,PWR,P4 REP 1300,Operational,1335,29 Jan 1979,1 May 1986,
Saint-Alban,2,PWR,P4 REP 1300,Operational,1335,31 Jul 1979,1 Mar 1987,
Saint-Laurent,A-1,GCR,UNGG,Shut down,390,1 Oct 1963,1 Jun 1969,18 Apr 1990
Saint-Laurent,A-2,GCR,UNGG,Shut down,465,1 Jan 1966,1 Nov 1971,27 May 1992
Saint-Laurent,B-1,PWR,CP2,Operational,915,1 May 1976,1 Aug 1983,
Saint-Laurent,B-2,PWR,CP2,Operational,915,1 Jul 1976,1 Aug 1983,
Superphénix,1,FBR,Na-1200,Shut down/in decommissioning,1200,13 Dec 1976,1 Dec 1986,31 Dec 1998
Tricastin,1,PWR,CP1,Operational,915,1 Nov 1974,1 Dec 1980,
Tricastin,2,PWR,CP1,Operational,915,1 Dec 1974,1 Dec 1980,
Tricastin,3,PWR,CP1,Operational,915,1 Apr 1975,11 May 1981,
Tricastin,4,PWR,CP1,Operational,915,1 May 1975,1 Nov 1981,
